{
  "train_loss": [
    0.6359284980270216,
    0.38780547966163614,
    0.3211213526162591,
    0.2939597960154716,
    0.32088411171975795,
    0.35109707408837154,
    0.3871485982982842,
    0.37132175280540414,
    0.3499081190290371,
    0.3615809057563915,
    0.3468161786620963,
    0.3454941990160318,
    0.33069285083042466,
    0.32455539183029475,
    0.27886881109256195,
    0.290447010105667,
    0.2861860800374206,
    0.21778764209358234,
    0.1876433473278603,
    0.19076852363202085,
    0.179000521505324,
    0.18435622271791022,
    0.18853962531753735,
    0.1695936757945217,
    0.14261219166291475,
    0.15319583957743724,
    0.14291894847845224,
    0.13621215052155924,
    0.11432000432570275,
    0.12456301550974941,
    0.11399192933651003,
    0.12166379587734963,
    0.12124851797041987,
    0.11830136167534971,
    0.1152791049746351,
    0.10066640379044803,
    0.11183809419395656,
    0.11975167606925766
  ],
  "val_loss": [
    0.7273900840434717,
    0.4690440372840602,
    0.4502808364511424,
    0.5866589071743328,
    0.5314360740908816,
    0.484669484119735,
    0.4972591830823998,
    0.5260053678406738,
    0.4854509974034025,
    0.4348421765133856,
    0.4823807445269055,
    0.4473860387320612,
    0.4531613091703939,
    0.45463017733419914,
    0.4702240598145595,
    0.48794921076841047,
    0.4854616906810601,
    0.453897790049548,
    0.47107046476902403,
    0.4790596337784914,
    0.49321517164147183,
    0.4939330677574502,
    0.4764804331427416,
    0.476012550957181,
    0.48707558588009725,
    0.48416159029047706,
    0.5106034415066373,
    0.4842648140965299,
    0.5176364023215566,
    0.49478139700719026,
    0.4857189191438382,
    0.5008200078020746,
    0.5128629616168666,
    0.4940119209347536,
    0.496956319989772,
    0.5039841838190814,
    0.5085076796565137,
    0.4998008897454591
  ],
  "val_mae_raw": [
    0.0010029267286881804,
    0.0007150779129005969,
    0.0006871132645756006,
    0.0008324686787091196,
    0.0007708948687650263,
    0.0007272861548699439,
    0.0007424384239129722,
    0.0007632532506249845,
    0.0007233584183268249,
    0.000669287983328104,
    0.0007161488174460828,
    0.0006801015115343034,
    0.0006877230480313301,
    0.0006982787162996829,
    0.000710586435161531,
    0.0007219174294732511,
    0.0007159517263062298,
    0.0006819599075242877,
    0.0007041628123261034,
    0.0007084677927196026,
    0.0007268328918144107,
    0.0007270092610269785,
    0.0007074601016938686,
    0.0007075482863001525,
    0.0007140699890442193,
    0.000712835812009871,
    0.0007414854480884969,
    0.0007150743040256202,
    0.0007495820755138993,
    0.0007242023129947484,
    0.0007145113777369261,
    0.0007330728112719953,
    0.0007429838296957314,
    0.0007222157437354326,
    0.0007270073401741683,
    0.0007364475750364363,
    0.0007396849687211215,
    0.0007306735496968031
  ],
  "val_rmse_raw": [
    0.001948097487911582,
    0.0015290214214473963,
    0.0016363360919058323,
    0.0017921349499374628,
    0.001684538321569562,
    0.0016332535305991769,
    0.0015756061766296625,
    0.0018260404467582703,
    0.0015605357475578785,
    0.0014542213175445795,
    0.0015076134586706758,
    0.0015097158029675484,
    0.0014710206305608153,
    0.0015387044986709952,
    0.00162003212608397,
    0.001661867368966341,
    0.0016774596879258752,
    0.0015552983386442065,
    0.0015875317621976137,
    0.001622652169317007,
    0.0016680750995874405,
    0.0017073245253413916,
    0.001605982193723321,
    0.0016293892404064536,
    0.0016577185597270727,
    0.0016073489096015692,
    0.001711623859591782,
    0.001625854172743857,
    0.0017632939852774143,
    0.0016612029867246747,
    0.0016225480940192938,
    0.0016602842370048165,
    0.001734745455905795,
    0.0016616772627457976,
    0.0016411544056609273,
    0.0016907575773075223,
    0.001691090757958591,
    0.0016527422703802586
  ],
  "val_r2": [
    0.8039278718798876,
    0.8792126030141464,
    0.8616626347432457,
    0.83406581418117,
    0.8533924791745104,
    0.8621833563247009,
    0.87174041911087,
    0.8277277747864822,
    0.8741822503606422,
    0.8907414328058307,
    0.8825712424548505,
    0.8822434931730989,
    0.8882025144762962,
    0.8776779018209568,
    0.8644056056766243,
    0.857312081415418,
    0.8546220028567997,
    0.8750253655678041,
    0.8697915085272165,
    0.8639666632761569,
    0.8562441129954024,
    0.8493994158876929,
    0.8667473346544514,
    0.8628347432625003,
    0.8580236351426848,
    0.8665204256287455,
    0.8486399880775506,
    0.8634292632540258,
    0.8393636122727683,
    0.8574261632147566,
    0.8639841113288235,
    0.8575838071612965,
    0.8445230594307452,
    0.857344721397929,
    0.8608467406067697,
    0.8523079482827489,
    0.8522497318798335,
    0.8588747416633942
  ],
  "val_focus_score": [
    0.008015636366326361,
    0.008375712567940355,
    0.009395561018027366,
    0.004998551246244459,
    0.007540756361559034,
    0.008642821302637457,
    0.0076648123934864995,
    0.010267476916778833,
    0.005210674542468041,
    0.00641778243938461,
    0.005899822476785631,
    0.006999902101233602,
    0.0063534173858352,
    0.007512191319838166,
    0.008391995180863887,
    0.00835830565309152,
    0.009079496460035443,
    0.008113350321073087,
    0.00830661223968491,
    0.008426895909942687,
    0.008837365484796465,
    0.009331760075874627,
    0.008357799793593586,
    0.008639602777548135,
    0.0086532325274311,
    0.007738001360557974,
    0.008738946048542858,
    0.00796512419823557,
    0.009095450164750218,
    0.008725706720724702,
    0.008013862087391316,
    0.008117393921129406,
    0.009176251280587166,
    0.008405049124266952,
    0.0079388129664585,
    0.008522770060226321,
    0.008416362958960236,
    0.007890976970084012
  ],
  "val_tail_mae_raw": [
    0.003185079200193286,
    0.0032249006908386946,
    0.004129896406084299,
    0.0038408541586250067,
    0.0036369215231388807,
    0.003959167283028364,
    0.003320463700219989,
    0.004766661208122969,
    0.00345987593755126,
    0.0033160166349262,
    0.003162642242386937,
    0.0036395995412021875,
    0.003426698502153158,
    0.0036654137074947357,
    0.003827721579000354,
    0.004172513727098703,
    0.004243447910994291,
    0.003857727162539959,
    0.0037885461933910847,
    0.004003902897238731,
    0.004122515674680471,
    0.004431934095919132,
    0.004014236852526665,
    0.003985497634857893,
    0.004266913048923016,
    0.003920426592230797,
    0.0043799616396427155,
    0.003972236067056656,
    0.004518114496022463,
    0.004213263746351004,
    0.0038951910100877285,
    0.004102322738617659,
    0.004548811353743076,
    0.004122793674468994,
    0.003941274713724852,
    0.004153525456786156,
    0.0041873035952448845,
    0.003977080341428518
  ],