{
  "train_loss": [
    0.7733983004267266,
    0.4256259792516512,
    0.384333334152893,
    0.35324823031742175,
    0.32832792158156304,
    0.27983423176281036,
    0.3015227750378975,
    0.3154178308557126,
    0.2992124604562632,
    0.3473403184349039,
    0.33169323348223173,
    0.2714796539052459,
    0.29866438873853557,
    0.29532184394514643,
    0.26021803019516626,
    0.3093920894690448,
    0.29153306210110397,
    0.2568425539732449,
    0.2727584386757541,
    0.2577816411575618,
    0.2174805873965454,
    0.2544080682742698,
    0.23400510434323607,
    0.22828259696706962,
    0.20520310775673603,
    0.21750106311645556,
    0.20071448188791158,
    0.19072007948868838,
    0.21601166739462072,
    0.2049965483141103,
    0.1764402175909345,
    0.18388221759329693,
    0.17100738710005375,
    0.16306230821110035,
    0.16996129999085566,
    0.1882122537515558,
    0.15672534486858386,
    0.18154882013674953,
    0.15833794540718762
  ],
  "val_loss": [
    1.1941448258240948,
    0.46782028439514317,
    0.5155797843004297,
    0.47967042593737635,
    0.4747634769664664,
    0.46575547307142035,
    0.49717943966845796,
    0.4981590361953905,
    0.4856467534470438,
    0.5044230438334627,
    0.500176471147905,
    0.4703141936296099,
    0.4843089483322463,
    0.4614763080169374,
    0.4435911462980989,
    0.47513840370546245,
    0.4675057525848553,
    0.4357412600813076,
    0.4327091362546088,
    0.45854897682508494,
    0.45626119948518734,
    0.4482235741588523,
    0.4597704996820947,
    0.4621026042528862,
    0.4700751328558435,
    0.47729618470433455,
    0.4595432396321888,
    0.46157560623548827,
    0.4442925178278548,
    0.44901961605509416,
    0.430652081501147,
    0.4345394809853602,
    0.4355953648477453,
    0.43320776689813967,
    0.44091369665499636,
    0.44108586096736185,
    0.433652853952373,
    0.4387518891560258,
    0.4430575554065674
  ],
  "val_mae_raw": [
    0.001519134733825922,
    0.0007268521003425121,
    0.0007665730663575232,
    0.000722733442671597,
    0.0007140001398511231,
    0.0007035888847894967,
    0.0007346307975240052,
    0.0007358653820119798,
    0.0007227319292724133,
    0.0007424792274832726,
    0.0007364158518612385,
    0.0007041227072477341,
    0.0007191812619566917,
    0.0006959462771192193,
    0.0006773777422495186,
    0.0007079256465658545,
    0.0006992638227529824,
    0.0006673712632618845,
    0.0006632342119701207,
    0.0006915730773471296,
    0.000688430096488446,
    0.0006782352575100958,
    0.0006908252253197134,
    0.0006935455021448433,
    0.0007005266379565,
    0.0007085981196723878,
    0.0006888165953569114,
    0.0006912211538292468,
    0.0006734690978191793,
    0.0006783329299651086,
    0.0006598272011615336,
    0.0006630417774431407,
    0.0006649036076851189,
    0.0006621747161261737,
    0.0006709276349283755,
    0.0006710244924761355,
    0.0006631564465351403,
    0.0006683854153379798,
    0.0006729743909090757
  ],
  "val_rmse_raw": [
    0.0029272479005157948,
    0.001504255342297256,
    0.0015380324330180883,
    0.0014678220031782985,
    0.001474114484153688,
    0.0014875403139740229,
    0.00154611945617944,
    0.0015722847310826182,
    0.0015362598933279514,
    0.0015661296201869845,
    0.0015671909786760807,
    0.0014916738728061318,
    0.0015296395868062973,
    0.0014747792156413198,
    0.0014350262936204672,
    0.0015475089894607663,
    0.0015398107934743166,
    0.0014314757427200675,
    0.001421733177267015,
    0.0014991547213867307,
    0.001479489728808403,
    0.0014914229977875948,
    0.0015032130759209394,
    0.0015032343799248338,
    0.0015176647575572133,
    0.0015621311031281948,
    0.0015178013127297163,
    0.0015185660449787974,
    0.0014719668542966247,
    0.0014813466696068645,
    0.00142871611751616,
    0.0014354437589645386,
    0.0014356941683217883,
    0.0014294590801000595,
    0.0014470283640548587,
    0.001446599722839892,
    0.0014250423992052674,
    0.001442349050194025,
    0.0014403221430256963
  ],
  "val_r2": [
    0.5572959891449708,
    0.8830937879112976,
    0.8777847302908484,
    0.888688192355598,
    0.8877317755037184,
    0.8856774280773346,
    0.8764961257099829,
    0.8722806023873237,
    0.8780662712252661,
    0.8732786309998529,
    0.8731068072159495,
    0.8850412014414896,
    0.8791149255471035,
    0.8876305029998421,
    0.8936067298752157,
    0.8762740346661917,
    0.8775019453260895,
    0.8941325435469658,
    0.8955686922348216,
    0.8838852547740402,
    0.8869115167184183,
    0.8850798612657363,
    0.8832557332508816,
    0.8832524228650583,
    0.8810002219012765,
    0.8739248625915775,
    0.8809787887344661,
    0.880858845232842,
    0.8880586497471793,
    0.8866274666380582,
    0.8945403324757536,
    0.8935448024665369,
    0.8935076713236415,
    0.8944306364104994,
    0.8918196064916961,
    0.891883684596897,
    0.8950819917204088,
    0.8925181400709005,
    0.8928200071959775
  ],
  "val_focus_score": [
    0.015856256410479545,
    0.007944995339494198,
    0.006193516105413437,
    0.005724370875395834,
    0.0056796842091716825,
    0.005876570290420205,
    0.005201169836800546,
    0.005590486275032162,
    0.005848263339139521,
    0.005736039786133916,
    0.005639101802371442,
    0.005333499282132835,
    0.005149589679203927,
    0.0051004107412882145,
    0.005478379463311285,
    0.005257115894928575,
    0.005255471335258335,
    0.005239728691522032,
    0.005191893549636006,
    0.005301462111528963,
    0.00503228803863749,
    0.0053976088622584946,
    0.005202627945691348,
    0.005001667712349445,
    0.004875096408650279,
    0.0045702529861591755,
    0.004666272879112512,
    0.005035249916836619,
    0.005305324974469841,
    0.004971304032951594,
    0.005510179155971855,
    0.005776860779151321,
    0.0051061605359427635,
    0.0052880644099786885,
    0.005387172256596387,
    0.00529451564187184,
    0.005479222231078894,
    0.0054067936982028185,
    0.005344709735363722
  ],
  "val_tail_mae_raw": [
    0.008145841769874096,
    0.002911676187068224,
    0.0027978005819022655,
    0.002861357992514968,
    0.0030234314035624266,
    0.0032444410026073456,
    0.003300892887637019,
    0.0033706328831613064,
    0.00341600039973855,
    0.0034437417052686214,
    0.003424272406846285,
    0.003326410660520196,
    0.003300596959888935,
    0.0031580529175698757,
    0.0031688781455159187,
    0.0034307667519897223,
    0.0034122157376259565,
    0.003154548117890954,
    0.003101775422692299,
    0.003237716155126691,
    0.003142931731417775,
    0.003235222538933158,
    0.003128061769530177,
    0.00314049213193357,
    0.0031527047976851463,
    0.0032477136701345444,
    0.003100076923146844,
    0.003062778851017356,
    0.003142592031508684,
    0.003104850649833679,
    0.00304415263235569,
    0.0031163387466222048,
    0.0029805456288158894,
    0.0029795633163303137,
    0.0030265962705016136,
    0.0030341611709445715,
    0.0030415246728807688,
    0.0030166928190737963,
    0.0030203533824533224
  ],