{
  "train_loss": [
    1.2080107059800658,
    0.752730608008122,
    0.6243161663454585,
    0.5779541212578222,
    0.5983372002316307,
    0.6280698263114936,
    0.611654337006415,
    0.6054578197878674,
    0.5917553179575564,
    0.6284329552705932,
    0.587319016132972,
    0.5867071935132465,
    0.6032056310081927,
    0.5064237633006903,
    0.5092578709717881,
    0.5120411686876473,
    0.4055795632179051,
    0.3977784073384599,
    0.37687890623326936,
    0.3568335403066204,
    0.37216180065858295,
    0.3533053297618565,
    0.35744453350867866,
    0.3116424959098306,
    0.27480656632602957,
    0.28935000264937916,
    0.2957350453591003,
    0.26967420435258077,
    0.26073946819321603,
    0.2550694806469439,
    0.2579248758709484,
    0.24022910132066883,
    0.24641388442614284,
    0.22963139073745567,
    0.23907351720540426,
    0.21531535671716198
  ],
  "val_loss": [
    0.7372127928616811,
    0.6856048885638206,
    0.7203870325052979,
    0.6345610860196463,
    0.6418178637334906,
    0.592762377948927,
    0.6027320087654721,
    0.6089269499034081,
    0.5902288221279902,
    0.5985644471804684,
    0.5835692131537601,
    0.5910630974131754,
    0.5891767969578635,
    0.5655702918271659,
    0.6165821259934373,
    0.5760407042701865,
    0.5480572791128541,
    0.5764873508987565,
    0.5641822694497971,
    0.5560247290203647,
    0.5532795708172683,
    0.5408773626952605,
    0.5545578925273692,
    0.5344724016432225,
    0.5354110181011671,
    0.5242387544670641,
    0.5314603089718156,
    0.5172071439539728,
    0.5103209798732784,
    0.5081470942420201,
    0.5060340633075505,
    0.5118978196439985,
    0.5226351476154445,
    0.508462624573765,
    0.5056820951131198,
    0.5066572872058249
  ],
  "val_mae_raw": [
    0.0010222542332485318,
    0.0009586678352206945,
    0.0009903083555400372,
    0.0008950174087658525,
    0.0009002166334539652,
    0.0008466921281069517,
    0.0008589969365857542,
    0.000862574263010174,
    0.0008436928037554026,
    0.0008496489026583731,
    0.0008351625292561948,
    0.0008380889194086194,
    0.0008382033556699753,
    0.0008118082187138498,
    0.0008653802215121686,
    0.0008255588472820818,
    0.0007928397972136736,
    0.0008229145314544439,
    0.000810035620816052,
    0.0008009287994354963,
    0.00079721724614501,
    0.0007830460672266781,
    0.0007976851193234324,
    0.0007760195876471698,
    0.0007785910274833441,
    0.0007658934337086976,
    0.0007747661438770592,
    0.0007578975055366755,
    0.000752581749111414,
    0.0007485476089641452,
    0.0007465247763320804,
    0.0007529171998612583,
    0.0007648408645763993,
    0.0007500794599764049,
    0.000744495599064976,
    0.0007460806518793106
  ],
  "val_rmse_raw": [
    0.0019796888809651136,
    0.0019690878689289093,
    0.002067710505798459,
    0.0019121546065434813,
    0.0019301802385598421,
    0.0017805956304073334,
    0.0017743053613230586,
    0.0017777375178411603,
    0.0017158940900117159,
    0.0017470474122092128,
    0.0017398708732798696,
    0.0017933596391230822,
    0.0017723870696499944,
    0.0017325476510450244,
    0.0018391452031210065,
    0.001732153003104031,
    0.0016927672550082207,
    0.0017570452764630318,
    0.001734560471959412,
    0.0017203661845996976,
    0.0017200170550495386,
    0.0016954580787569284,
    0.001710088225081563,
    0.0016700507840141654,
    0.0016781027661636472,
    0.0016618143999949098,
    0.0016715412493795156,
    0.0016359299188479781,
    0.0016254113288596272,
    0.001632614410482347,
    0.0016229358734562993,
    0.0016311382642015815,
    0.0016487891552969813,
    0.0016148826107382774,
    0.0016277383547276258,
    0.0016235378570854664
  ],
  "val_r2": [
    0.7975171094233907,
    0.7996798456289075,
    0.7791110690530458,
    0.811096290984685,
    0.8075179536772019,
    0.8361957838926156,
    0.8373510769170044,
    0.8367212074870554,
    0.8478838073974514,
    0.8423101086784905,
    0.8436029724818802,
    0.8338389367833542,
    0.8377025787441686,
    0.8449167634058397,
    0.8252462399920921,
    0.8449873990269068,
    0.8519566362229248,
    0.8405001288731092,
    0.8445562265447568,
    0.8470898630166563,
    0.8471519380221554,
    0.8514855809714469,
    0.8489114818855688,
    0.8559033646508484,
    0.8545105250870737,
    0.8573211797051168,
    0.8556460506801936,
    0.861731298892501,
    0.8635036625940065,
    0.8622911863444434,
    0.8639190843869216,
    0.8625400978389801,
    0.8595490377362055,
    0.8652662427348627,
    0.8631125521058945,
    0.8638181281619456
  ],
  "val_focus_score": [
    0.007416323588695376,
    0.007282506951596588,
    0.006617381498217583,
    0.006512162361759693,
    0.006694683090317994,
    0.006983122311066837,
    0.006243277604226024,
    0.0067932296800427144,
    0.00651278397301212,
    0.007099354120437055,
    0.007125306089874358,
    0.007074655261822044,
    0.0070159550895914444,
    0.006854042955674232,
    0.007327116578817369,
    0.007267756478395313,
    0.007309556368272752,
    0.007275589208584279,
    0.007635389277711511,
    0.007562193721532821,
    0.007657315584365279,
    0.007494256810750812,
    0.007359602719079704,
    0.007302019984927029,
    0.007505488202441484,
    0.007379236463457346,
    0.007675327500328421,
    0.007232118907850235,
    0.0074396723834797744,
    0.007529730289243162,
    0.00739161720732227,
    0.007531061242334544,
    0.007493480246048421,
    0.007382234078831971,
    0.007333667969796807,
    0.007443830978590996
  ],
  "val_tail_mae_raw": [
    0.003373370971530676,
    0.0037127819377928972,
    0.0038616028614342213,
    0.0038246477488428354,
    0.004030932672321796,
    0.0037588539998978376,
    0.003562069498002529,
    0.0036721162032335997,
    0.003492458490654826,
    0.0036414635833352804,
    0.0036512098740786314,
    0.0036825058050453663,
    0.00371166761033237,
    0.003578207455575466,
    0.003949493169784546,
    0.0036621650215238333,
    0.003501717234030366,
    0.003712969133630395,
    0.0037373804952949286,
    0.0036879254039376974,
    0.0037088424433022738,
    0.003668608143925667,
    0.0036823300179094076,
    0.0035614308435469866,
    0.003630762454122305,
    0.0035931956954300404,
    0.003655289998278022,
    0.003564248327165842,
    0.003585643833503127,
    0.003574836766347289,
    0.0035571507178246975,
    0.0035999412648379803,
    0.003561232704669237,
    0.003515601856634021,
    0.003565001767128706,
    0.0035707869101315737
  ],
  "val_tail_bias_raw": [
    -0.0002981009311042726,
    -0.00027148466324433684,
    0.000726508442312479,
    0.000272225821390748,
    0.00033107426133938134,
    -0.00038560834946110845,
    0.00015738805814180523,
    -0.0002266356023028493,
    -0.0002170086809201166,
    -0.0006172574940137565,
    -0.0007208094466477633,
    -0.000643357343506068,
    -0.0005733344587497413,
    -0.0005888095474801958,
    -0.0007057965849526227,
    -0.0008961214916780591,
    -0.0011487604351714253,
    -0.0009878934361040592,
    -0.0013546980917453766,
    -0.0012800005497410893,
    -0.0015169003745540977,
    -0.0013317873235791922,
    -0.001129025244154036,
    -0.00128329754807055,
    -0.001464111846871674,
    -0.0013928617117926478,
    -0.001611934625543654,
    -0.0013327267952263355,
    -0.0016427806112915277,
    -0.001733577810227871,
    -0.001665713731199503,
    -0.0017386781983077526,
    -0.0015514440601691604,
    -0.0016606403514742851,
    -0.0016113437013700604,
    -0.0017599485581740737
  ],