{
  "train_loss": [
    0.7328904412415025,
    0.42298878829069764,
    0.3727929868664601,
    0.3428129405917406,
    0.3888829346238274,
    0.378723130784834,
    0.3846025166685199,
    0.37751294984156586,
    0.3898068999669116,
    0.3951602554302507,
    0.39247352039795214,
    0.36132827861777017,
    0.37059299541480856,
    0.3484957361240096,
    0.3163800808570267,
    0.33650515100863065,
    0.33316996279526456,
    0.28836656414733597,
    0.2902942076804002,
    0.2959336016734843,
    0.22282040053072186,
    0.22868027528218537,
    0.2206073148705904,
    0.19741803150632614,
    0.20647741645572765,
    0.2124173465746415,
    0.18783342369201472,
    0.15718080459175912,
    0.18404991568568807,
    0.18450811888492985,
    0.16992300235221725,
    0.16327383873410592,
    0.14297828856111114,
    0.13495329855498206
  ],
  "val_loss": [
    0.5118901242259613,
    0.49824267278746176,
    0.540802387437415,
    0.5046725761615504,
    0.499998329937014,
    0.4801538551453171,
    0.5087917528680863,
    0.5037210252589818,
    0.51030288832254,
    0.5203527058038034,
    0.5009153212578176,
    0.46024978081520246,
    0.4866298345129,
    0.4770845245573209,
    0.4809739234825428,
    0.5102772670034825,
    0.4925870904658156,
    0.47776582094985176,
    0.48401991012493945,
    0.5056027934791015,
    0.49463472812290415,
    0.47899226061542705,
    0.47917157151360035,
    0.4793511564475235,
    0.49345060847503747,
    0.48789166203984874,
    0.4937206403442922,
    0.4909275912146731,
    0.48750907605339255,
    0.4922825073322165,
    0.495235419668107,
    0.49177570013520383,
    0.4883469823016528,
    0.5001177352058924
  ],
  "val_mae_raw": [
    0.0007681852439418435,
    0.0007521254010498524,
    0.0007930277497507632,
    0.0007515680626966059,
    0.0007423763163387775,
    0.000722914410289377,
    0.0007504676468670368,
    0.0007482210057787597,
    0.0007528173155151308,
    0.0007621284457854927,
    0.0007414671708829701,
    0.0006970440736040473,
    0.000722949393093586,
    0.0007137282518669963,
    0.0007196036167442799,
    0.0007455136510543525,
    0.0007286510663107038,
    0.0007134588086046278,
    0.0007202491397038102,
    0.0007423856877721846,
    0.0007288269698619843,
    0.0007133024628274143,
    0.0007132305763661861,
    0.0007137366919778287,
    0.0007285711471922696,
    0.0007202901178970933,
    0.0007268134504556656,
    0.0007240650011226535,
    0.0007193794008344412,
    0.0007250804337672889,
    0.0007283712038770318,
    0.0007249445770867169,
    0.0007213438511826098,
    0.0007332475506700575
  ],
  "val_rmse_raw": [
    0.0016752808587625623,
    0.0015191923594102263,
    0.0015869480557739735,
    0.001525708707049489,
    0.0015298863872885704,
    0.0015010867500677705,
    0.0015671247383579612,
    0.0015491110971197486,
    0.001568333595059812,
    0.001600613002665341,
    0.0015705309342592955,
    0.0014882974792271852,
    0.0015825858572497964,
    0.0015372739871963859,
    0.001508873188868165,
    0.0016298118280246854,
    0.00155610591173172,
    0.0015136792790144682,
    0.0015439523849636316,
    0.001628357102163136,
    0.0015990645624697208,
    0.0015511139063164592,
    0.001559585565701127,
    0.001564065576530993,
    0.0015895809046924114,
    0.0016074911691248417,
    0.0016211239853873849,
    0.001611788640730083,
    0.001625234610401094,
    0.0016256250673905015,
    0.001649612793698907,
    0.0016296857502311468,
    0.0016052568098530173,
    0.0016361247980967164
  ],
  "val_r2": [
    0.8549994290111587,
    0.8807605352079985,
    0.8698872461503375,
    0.8797354331216036,
    0.8790759072734363,
    0.8835857808259754,
    0.8731175290706696,
    0.8760177222453879,
    0.8729217102608635,
    0.8676368268910273,
    0.8725653588238945,
    0.885561026899394,
    0.8706015725892969,
    0.877905243094493,
    0.8823749175988038,
    0.8627635699673026,
    0.8748955330792306,
    0.8816243983110201,
    0.8768420926563919,
    0.8630084541771755,
    0.8678928019476708,
    0.8756969310994428,
    0.874335424232058,
    0.8736124212086004,
    0.8694551564593767,
    0.8664968101375231,
    0.8642227753869904,
    0.8657820409081034,
    0.8635333190122247,
    0.8634677438535624,
    0.859408673160252,
    0.8627848133667728,
    0.8668676682333858,
    0.8616983637163496
  ],
  "val_focus_score": [
    0.009569807238876819,
    0.00724714646814391,
    0.005706565454602242,
    0.006047401302494109,
    0.005847791596315801,
    0.0065662807738408446,
    0.004684250117279589,
    0.005584051895420999,
    0.006076244141440839,
    0.005573590318672359,
    0.005703280102461576,
    0.006652493535075337,
    0.005490905863698573,
    0.005695379809476436,
    0.005792724639177323,
    0.0062014622217975565,
    0.0063972629187628634,
    0.006495249315630645,
    0.006486123462673276,
    0.00688956618309021,
    0.006964634533505887,
    0.006739480905234813,
    0.007027960305567831,
    0.0070389819191768776,
    0.006748928220476955,
    0.006865195746067912,
    0.007112467093393206,
    0.007453885106369853,
    0.007856228146702051,
    0.007784854962956161,
    0.008371042236685753,
    0.00807634943863377,
    0.0075407087081111965,
    0.007910043513402343
  ],
  "val_tail_mae_raw": [
    0.003320778952911496,
    0.00276793516241014,
    0.002934281947091222,
    0.0031021384056657553,
    0.003183573018759489,
    0.0031836512498557568,
    0.0030283769592642784,
    0.0031834172550588846,
    0.0033655313309282064,
    0.003382400143891573,
    0.003337323432788253,
    0.0033691197168082,
    0.003350977087393403,
    0.003316576359793544,
    0.0032583405263721943,
    0.003613486187532544,
    0.0035564801655709743,
    0.003391863312572241,
    0.003420059336349368,
    0.0035746977664530277,
    0.0036294294986873865,
    0.003561535384505987,
    0.003506616922095418,
    0.0035234210081398487,
    0.003580725286155939,
    0.0036674526054412127,
    0.003649285761639476,
    0.0036276367027312517,
    0.00382529036141932,
    0.003808023175224662,
    0.003997925668954849,
    0.003997717052698135,
    0.0037811154033988714,
    0.003928723279386759
  ],
  "val_tail_bias_raw": [
    -0.0027274407912045717,
    -0.0010686120949685574,
    3.121409099549055e-05,
    -0.0010215366492047906,
    -0.0009035889524966478,
    -0.0016923038056120276,
    0.00016027955280151218,
    -0.0008234216365963221,
    -0.0007463327492587268,
    -0.0003275088965892792,
    -0.0006655488396063447,
    -0.0019333901582285762,
    -0.0005291655543260276,
    -0.0010547405108809471,
    -0.001141104381531477,
    -0.0008585110772401094,
    -0.001705016940832138,
    -0.0015642923535779119,
    -0.0016652080230414867,
    -0.0017304506618529558,
    -0.0023373072035610676,
    -0.0021208911202847958,
    -0.0021607293747365475,
    -0.002120294375345111,
    -0.0019523249939084053,
    -0.0021063056774437428,
    -0.0022261810954660177,
    -0.0023553629871457815,
    -0.0027754970360547304,
    -0.0028632294852286577,
    -0.0032725578639656305,
    -0.003238389967009425,
    -0.0028452242258936167,
    -0.0030934500973671675
  ],