{
  "weight_v2": 0.6,
  "weight_v5": 0.4,
  "v2_results": "C:\\Users\\jiaotong1\\5080train\\output\\model-20260523-171351-541b9ed7-train20260529-182601\\test-20260523-171351-541b9ed7_results.csv",
  "v5_results": "C:\\Users\\jiaotong1\\5080train\\output\\2dcnnv5\\model-20260523-171351-541b9ed7-train20260531-143031\\test-20260523-171351-541b9ed7_results__mae.csv",
  "metrics": {
    "model": "blend_wv2_0p60",
    "Samples": 7332.0,
    "R2": 0.8854138092238932,
    "MAE": 0.000610305530745281,
    "RMSE": 0.0012073465367089312,
    "MAPE": 18.155351542059602,
    "Bias": -1.0433565767703218e-05,
    "low_lt_0p001_n": 2152.0,
    "low_lt_0p001_mae": 8.510761888308551e-05,
    "low_lt_0p001_rmse": 0.00012242557156598723,
    "low_lt_0p001_mape": 26.965094776223488,
    "low_lt_0p001_bias": 4.425339212788104e-05,
    "core_0p001_0p005_n": 2292.0,
    "core_0p001_0p005_mae": 0.000460848376495637,
    "core_0p001_0p005_rmse": 0.000709476352142563,
    "core_0p001_0p005_mape": 15.745531793817419,
    "core_0p001_0p005_bias": 0.0002668841407643979,
    "mid_0p005_0p010_n": 2617.0,
    "mid_0p005_0p010_mae": 0.0008929813327168513,
    "mid_0p005_0p010_rmse": 0.001146094632032667,
    "mid_0p005_0p010_mape": 12.622803856895363,
    "mid_0p005_0p010_bias": -3.283542910202521e-05,
    "tail_ge_0p010_n": 271.0,
    "tail_ge_0p010_mae": 0.003315173169520295,
    "tail_ge_0p010_rmse": 0.004730480530563845,
    "tail_ge_0p010_mape": 22.00559772333349,
    "tail_ge_0p010_bias": -0.002573801980590406,
    "f1_ge_0p005": 0.919754111978734,
    "precision_ge_0p005": 0.884062599808368,
    "recall_ge_0p005": 0.9584487534626038,
    "f1_ge_0p01": 0.5386138613861386,
    "precision_ge_0p01": 0.5811965811965812,
    "recall_ge_0p01": 0.5018450184501845,
    "f1_ge_0p015": 0.4554455445544554,
    "precision_ge_0p015": 0.575,
    "recall_ge_0p015": 0.3770491803278688,
    "f1_ge_0p02": 0.42424242424242425,
    "precision_ge_0p02": 0.7,
    "recall_ge_0p02": 0.30434782608695654
  },
  "note": "Use validation-tuned weights for final reporting; test-grid values are exploratory."
}